age_group,pct_visitors
18-24,27.116827438370844
25-34,26.15540622934196
35-44,19.548683982517282
45-54,13.82315754343403
55-64,8.23561879456521
65+,5.120306011770671
